{
  "ckp": "33.81090",
  "patience": 0,
  "loss": 92.33484385497412,
  "training_loss": 93.4863562002122
}