{
  "loss": 92.47184758688914,
  "loss_std": 0.08587414735773535,
  "sexism": {
    "loss": 92.3859734395314
  },
  "sexism_train": {
    "loss": 92.55772173424687
  }
}