{
  "ckp": "28.24795",
  "patience": 0,
  "loss": 178.68644299416115,
  "training_loss": 181.25227577254088
}