{
  "loss": 179.3747197722417,
  "loss_std": 0.377290920210811,
  "ood_1": {
    "loss": 178.99742885203088
  },
  "ood_1_train": {
    "loss": 179.7520106924525
  }
}