{
  "loss": 178.99742885203088,
  "training_loss": 181.33553059003506,
  "ckp": "31.27360"
}