{
  "loss": 98.86387442423253,
  "training_loss": 107.5851150832586,
  "ckp": "0.2385"
}