{
  "loss": 92.3859734395314,
  "training_loss": 93.36971933376864,
  "ckp": "36.88245"
}