{
  "ckp": "22.114954",
  "patience": 0,
  "loss": 155.51255991961736,
  "training_loss": 154.29294122739427
}