{
  "loss": 154.56788032774307,
  "loss_std": 1.1068770601831375,
  "ood_3": {
    "loss": 155.6747573879262
  },
  "ood_3_train": {
    "loss": 153.46100326755993
  }
}