{
  "loss": 155.6747573879262,
  "training_loss": 154.25257432608663,
  "ckp": "25.129948"
}