{
  "ckp": "22.54855",
  "patience": 0,
  "loss": 140.29047094732158,
  "training_loss": 133.02963752026827
}