{
  "loss": 140.3257337724084,
  "training_loss": 132.71735574974204,
  "ckp": "25.62010"
}