{
  "loss": 135.79077857794982,
  "loss_std": 4.5349551944585755,
  "sexism": {
    "loss": 140.3257337724084
  },
  "sexism_train": {
    "loss": 131.25582338349125
  }
}