{
  "ckp": "1.256",
  "patience": 0,
  "loss": 142.69963093336108,
  "training_loss": 41.95757319033146
}