{
  "loss": 35.4316827609169,
  "loss_std": 0.0,
  "sexism_eval": {
    "loss": 35.4316827609169
  },
  "sexism_eval_train": {
    "loss": 35.4316827609169
  }
}