{
  "loss": 150.16934075824665,
  "training_loss": 36.76144024729729,
  "ckp": "4.640"
}